,,,,,,,,,,,,,,,,,,,,,,,,,,,,,,,,,,,,
Botanical Name,Common Name,Collected,Ran Out,Special Collect,S2C Lists,Start Seed Watch,Growth Habit,Link to Pictures,Germination Code,Strat Notes,Planting Notes,Process Notes,APR,MAY,JUN,JUL,AUG,SEP,OCT,Bloom Color,Height,Stature,Compact Bloom Range,Bloom Months,Plant Spacing,Resist Deer?,Light,Moisture,Spread,Soil,Species Comments,WASH S2 Barn,WASH S2 OUT,WASH S3 Barn,WASH S3 Quantiy,Barn Action
Achillea millefolium,Common Yarrow,,,,,08=Aug,,https://www.missouriplants.com/Achillea_millefolium_page.html,A,No Strat,,,,,,White,White,,,White,2'-3',Waist,JUL - AUG,"JUL, AUG",,,"Sn, P","D, M, Ms, W",,,WT says medium only,FALSE,FALSE,TRUE,C-HUNS,
Actaea pachypoda,White Baneberry / Dolls Eyes,FALSE,FALSE,TRUE,Neat & Tidy,07=Jul,,https://www.missouriplants.com/Actaea_pachypoda_page.html,F,Cold Moist -> Warm Moist -> Cold Moist,Complex,,,White,White,,,,,White,1'-3',Waist,MAY - JUN,"MAY, JUN",,,"P, Sh",M,,,,FALSE,FALSE,FALSE,,?
Actaea rubra,Red Baneberry,,,TRUE,Neat & Tidy,07=Jul,,,F,Cold Moist -> Warm Moist -> Cold Moist,Complex,,,White,,,,,,White,1'-3',Waist,MAY,MAY,"12""",Y,Sh,"M, Ms",,,"good for woodland setting, not espeically showy, best massed for a nice texture, poisonous",FALSE,FALSE,FALSE,,
Agastache foeniculum,Anise Hyssop,,,,,10=Oct,,https://www.missouribotanicalgarden.org/PlantFinder/PlantFinderDetails.aspx?kempercode=d554,"C(30), D",,Surface Sow,"Crush, rub, and Screen #7.",,,Lavender,Lavender,Lavender,Lavender,,Lavender,2'-4',Chest,JUN - SEP,"JUN, JUL, AUG, SEP",,,"Sn, P","D, M",,,,FALSE,FALSE,TRUE,D-THOUS,Sand
Agastache nepetoides,Yellow Giant Hyssop,,,,,09=Sep,,https://www.missouriplants.com/Agastache_nepetoides_page.html,"C(60), D",,Surface Sow,,,,,Yellow,Yellow,Yellow,,Yellow,4'-6',Stature,JUL - SEP,"JUL, AUG, SEP",,,"Sn, P",M,,,Agastache urticifolia (Giant Hyssop) or Agastache nepetoides (Yellow Giant Hyssop),TRUE,FALSE,TRUE,B-TENS,Sand
Agastache scrophulariifolia,Purple Giant Hyssop,,,,,10=Oct,,https://www.missouriplants.com/Agastache_scrophulariifolia_page.html,C(60),,,,,,,Pink-Lavender,Pink-Lavender,,,Pink-Lavender,3'-6',Taller,JUL - AUG,"JUL, AUG",,,"Sn, P","D, M, Ms, W",,,,FALSE,FALSE,FALSE,,
Ageratina altissima,White Snakeroot,,,,,,,https://www.missouriplants.com/Ageratina_altissima_page.html,"C(60), D",,Surface Sow,,,,,White,White,,,White,2'-4',Chest,JUL - AUG,"JUL, AUG","24""",,"P, Sh",M,,,"Previously known as Eupatorium rugosum. Nice white flowers in shade, I hear it is a spreader. It is pretty when in bloom.",FALSE,FALSE,TRUE,C-HUNS,sand
Agrimonia parviflora,Swamp Agrimony,,,,,,,https://www.missouriplants.com/Agrimonia_parviflora_page.html,C(60),,,,,,,Yellow,,,,Yellow,2'-5',Taller,JUL,JUL,3-4',,"Sn, P","Ms, W",,,"Recommended by Greg Vaclavek. Susan Beecher says: ""I think it is charming.  It has interesting leaves and small pretty yellow flowers. Gets about 2' tall."" ",FALSE,FALSE,TRUE,D-THOUS,
Allium cernuum,Nodding Wild Onion,,,,,09=Sep,,https://www.missouribotanicalgarden.org/PlantFinder/PlantFinderDetails.aspx?taxonid=282058,C(60),,,,,,,,,Lt. Lavender,Lt. Lavender,Lt. Lavender,1',Ankle,SEP - OCT,"SEP, OCT","12""",Y,"Sn, P","D, M, Ms",,,"good short, neat plant for front, size also listed as 2'",TRUE,FALSE,TRUE,D-THOUS,sand
Amorpha fruiticosa,False Indigo,,,,,,,,"C(10), I",,,,,,Purple,Purple,Purple,,,Purple,12',Taller,JUN - AUG,"JUN, JUL, AUG",,,"Sn, P","D, M, Ms",,,,FALSE,FALSE,TRUE,D-THOUS,
Anaphalis margaritacea,Pearly Everlasting,,,TRUE,Neat & Tidy,10=Oct,,,C(30),,,,,,White,White,White,White,,White,2',Knee,JUN - SEP,"JUN, JUL, AUG, SEP",,,"Sn, P",D,,,,FALSE,FALSE,TRUE,D-THOUS,
Andropogon gerardi,Big Bluestem,,,,,09=Sep,Grassy,https://www.missouriplants.com/Andropogon_gerardi_page.html,A,No Strat,,,,,,Green,Green,,,Green,5'-7',Taller,JUL - AUG,"JUL, AUG",,,Sn,"D, M, Ms, W",,,"Some people who are truly into natives like it, but generally it is too tall and to spindly for most to use it--mass it in a big area",TRUE,FALSE,TRUE,E-INF,nothing
Anemone canadensis,Canada Anemone,,,,,08=Aug,Ground Cover,https://www.missouriplants.com/Anemone_canadensis_page.html,F,Cold Moist -> Warm Moist -> Cold Moist,Complex,,,White,White,White,,,,White,1'-1.5',Ankle,MAY - JUL,"MAY, JUN, JUL","18""",Y,"Sn, P, Sh","M, Ms",,,"groundcover, spreads quickly & fills in (can be aggressive--good for someone who doesn't want to weed), resents long periods of drought",FALSE,FALSE,TRUE,B-TENS,
Anemone cylindrica,"Windflower, Thimbleweed",,,,Neat & Tidy,09=Sep,,https://www.missouribotanicalgarden.org/PlantFinder/PlantFinderDetails.aspx?taxonid=286064,C(60),,,,,,White-Lt. Green,White-Lt. Green,,,,White-Lt. Green,1'-2',Knee,JUN - JUL,"JUN, JUL",,,"Sn, P","D, M",,,,FALSE,FALSE,TRUE,E-INF,sand
Anemone virginiana,Tall Thimbleweed,,,,,10=Oct,,https://www.missouriplants.com/Anemone_virginiana_page.html,C(60),,,,White,White,,,,,,White,1'-2',Knee,APR - MAY,"APR, MAY",,,"Sn, P","D, M",,,,TRUE,FALSE,TRUE,D-THOUS,sand
Antennaria neglecta,Field Pussytoes. Prairie everlasting.,FALSE,FALSE,TRUE,Neat & Tidy,05=May,,https://www.missouriplants.com/Antennaria_neglecta_page.html,"C(60), D",,Surface Sow,,White,White,White,,,,,White,1',Ankle,APR - JUN,"APR, MAY, JUN",,,"Sn, P","D, M",,,"howellii - May - Pines. neglecta - field pussytoes, mesic - dry, prairie.",TRUE,FALSE,FALSE,,sand
Apocynum androsaemifolium,Spreading Dogbane,,,,,,,,A,No Strat,,Sift with #3 tray. Put result in plastic bag and shake. Seed falls to bottom and fluff forms little balls. Wear mask as fluff irritates nose and mouth. Germination code unsure.,,White-Pink,White-Pink,White-Pink,White-Pink,White-Pink,,White-Pink,2'-3',Waist,MAY - SEP,"MAY, JUN, JUL, AUG, SEP",,,"Sn, P, Sh",M,,,,FALSE,FALSE,TRUE,D-THOUS,
Aquilegia canadensis,Eastern Red Columbine,,,TRUE,"Neat & Tidy, Sweet & Simple",06=Jun,,https://www.missouriplants.com/Aquilegia_canadensis_page.html,"C(60), M",,,,,Red-Yellow,,,,,,Red-Yellow,1'-3',Waist,MAY,MAY,"12""",Y,"P, Sh","D, M, Ms",,,"delicate texture, great for woodland setting. Source says full sun to part shade.",TRUE,FALSE,TRUE,C-HUNS,sand
Aralia racemosa,Spikenard,,,TRUE,Neat & Tidy,08=Aug,,https://www.missouriplants.com/Aralia_racemosa_page.html,"C(60), M",,,,,,White,White,White,,,White,2'-5',Chest,JUN - AUG,"JUN, JUL, AUG",5',?,"P, Sh","M, Ms, W ",,,"Almost shrub-like in its size and shape.  Beautiful, graceful limbs.  Has purple clusters of berries in the late summer. ",TRUE,FALSE,TRUE,B-TENS,sand
Arisaema dracontium,Green Dragon,,,,Neat & Tidy,,,https://www.missouriplants.com/Arisaema_dracontium_page.html,L,,,,,Green,Green,,,,,Green,1'-3',Knee,MAY - JUN,"MAY, JUN","12""",?,"P, Sh","M, Ms, W",,,"Small little woodland dragon, related to Jack-in-the-Pulpit.",FALSE,FALSE,FALSE,,
Arnoglossum atriplicifolium,Pale Indian Plantain,,,,,08=Aug,,,C(60),,,,,,,White,White,,,White,4'-8',Chest,JUL - AUG,"JUL, AUG",,high resistance,"Sn, P",M,,,"large format plant with excellenty folliage, insect magnet. not for small sites!",FALSE,FALSE,TRUE,C-HUNS,
Asarum canadense,Wild Ginger,,,,Neat & Tidy,,Ground Cover,https://www.missouriplants.com/Asarum_canadense_page.html,"E, L",Keep Moist. Warm Moist -> Cold Moist,Complex,,,Maroon,,,,,,Maroon,1',Ankle,MAY,MAY,"12""",Y,"P, Sh","M, Ms",,,"good low, facer plant with interesting heart-shaped leaves that form a contrast texture, straight native species, but WT not cultivating at this time",FALSE,FALSE,FALSE,,
Asclepias exaltata,Poke Milkweed,,,TRUE,Neat & Tidy,10=Oct,,https://www.missouriplants.com/Asclepias_exaltata_page.html,C(30),,,,,,White,White,,,,White,2'-3',Waist,JUN - JUL,"JUN, JUL","24""",,"P, Sh","D, M",,,Milkweed - so supports Monarch butterflies.  A few people tried it in 2016 and liked it for the bottom of the rain garden.,FALSE,FALSE,TRUE,B-TENS,
Asclepias incarnata,Swamp/Rose Milkweed,,,,Neat & Tidy,09=Sep,,https://www.missouriplants.com/Asclepias_incarnata_page.html,C(30),,,,,,,Pink-Purple,,,,Pink-Purple,3'-4',Waist,JUL,JUL,"12""",Y,"P, Sh","M, Ms, W",,Clay,"when full grown, a little leggy-looking and needs plants in front, good for clay. A source said Full sun?",TRUE,FALSE,TRUE,D-THOUS,sand
Asclepias purpurascens,Purple Milkweed,,,,Neat & Tidy,,,https://www.missouriplants.com/Asclepias_purpurascens_page.html,C(30),,,,,Pink-Purple,Pink-Purple,Pink-Purple,,,,Pink-Purple,2'-3',Waist,MAY - JUL,"MAY, JUN, JUL",,,Sn,"D, M",,,,FALSE,FALSE,FALSE,,
Asclepias sullivantii,Prairie Milkweed,,,,,,,https://www.missouriplants.com/Asclepias_sullivantii_page.html,C(30),,,,,,Pink,Pink,Pink,,,Pink,3'-4',Chest,JUN - AUG,"JUN, JUL, AUG",,,Sn,M,,,,FALSE,FALSE,FALSE,,sand
Asclepias syriaca,Common Milkweed,,,,,09=Sep,,https://www.missouriplants.com/Asclepias_syriaca_page.html,C(30),,,,,,White-Pink,White-Pink,White-Pink,,,White-Pink,3'-5',Taller,JUN - AUG,"JUN, JUL, AUG",,,Sn,"D, M",,,"Quite aggressive, but good for monarch habitat",TRUE,FALSE,TRUE,E-INF,sand
Asclepias tuberosa,Butterfly Milkweed,,,TRUE,"Neat & Tidy, Sweet & Simple",09=Sep,,https://www.missouriplants.com/Asclepias_tuberosa_page.html,C(30),,,,,,Orange,Orange,Orange,,,Orange,2',Knee,JUN - AUG,"JUN, JUL, AUG",,,Sn,"D, M",,,,TRUE,TRUE,TRUE,E-INF,sand
Asimina triloba,Paw Paw,,,TRUE,,08=Aug,Tree,,"C(120), L",Keep Moist.,,,Purple,Purple,,,,,,Purple,15'-30',Taller,APR - MAY,"APR, MAY",,,"Sn, P","M, Ms, W",,,,FALSE,FALSE,TRUE,A-FEW,
Aster cordifolium - OLD NAME,Heart Shaped Aster,,,,Old Name,,,,,,,,,,,,,,,,,,None,,,,,,,,Now known as Symphyotrichum cordifolium,FALSE,FALSE,OLD,,
Aster ericoides - OLD NAME,Heath Aster,,,,Old Name,,,,,,,,,,,,,,,,,,None,,,,,,,,Now known as Symphyotrichum ericoides,FALSE,FALSE,OLD,,
Aster laevis - OLD NAME,Symphyotrichum laeve,,,,Old Name,,,,,,,,,,,,,,,,,,None,,,,,,,,Now known as Symphyotrichum laeve,FALSE,FALSE,OLD,,
Aster macrophyllus - OLD NAME,Big Leaf/Large-Leaved Aster,,,,Old Name,,,,,,,,,,,,,,,,,,None,,,,,,,,Now known as Eurybia macrophylla,FALSE,FALSE,OLD,,
Aster novae-angliae - OLD NAME,New England Aster,,,,Old Name,,,,,,,,,,,,,,,,,,None,,,,,,,,Now known as Symphyotrichum novae-angliae,FALSE,FALSE,OLD,,
Aster pilosus - OLD NAME,Frost/Hairy Aster,,,,Old Name,,,,,,,,,,,,,,,,,,None,,,,,,,,Now known as Symphyotrichum pilosum,FALSE,FALSE,OLD,,
Baptisia australis,"Baptisia, False Indigo",,,TRUE,,08=Aug,,https://www.missouriplants.com/Baptisia_australis_page.html,"C(10), H, I",,Scarify.,,,,Blue,,,,,Blue,3'-4',Chest,JUN,JUN,3',,Sn,"D, M, Ms",,Clay,"good dramatic accent plant, really needs full sun, almost looks like a shrub, good for clay",FALSE,TRUE,TRUE,C-HUNS,
Baptisia lactea,"Cream Wild Indigo, White Wild Indigo, White False Indigo",,,,Neat & Tidy,08=Aug,,,"C(10), H, I",,Scarify.,,,,White,White,,,,White,3'-5',Chest,JUN - JUL,"JUN, JUL",,,"Sn, P","D, M",,,,FALSE,FALSE,FALSE,,
Bidens aristosa,"Bearded Beggarticks, Tickseed Sunflower, Swamp Marigold",,,,,10=Oct,,https://www.missouriplants.com/Bidens_aristosa_page.html,C(60),,,,,,,,Yellow,Yellow,Yellow,Yellow,3'-4',Chest,AUG - OCT,"AUG, SEP, OCT",,,"Sn, P","M, Ms",,,Annual,FALSE,FALSE,FALSE,,sand
Blephilia ciliata,Downy Wood Mint,,,TRUE,"Neat & Tidy, Sweet & Simple",07=Jul,,,"C(60), D",,Surface Sow,,,,Purple,Purple,,,,Purple,1',Ankle,JUN - JUL,"JUN, JUL",,,"Sn, P","D, M",,,,FALSE,FALSE,TRUE,C-HUNS,
Boechera canadensis,Sicklepod Rockcress,,,,,,,,C(30),,,,,White,White,White,,,,White,3',Knee,MAY - JUL,"MAY, JUN, JUL",,,"P, Sh",D,,,,FALSE,FALSE,FALSE,,
Bouteloua curtipendula,Side Oats Grama,,,TRUE,,09=Sep,Grassy,https://www.missouriplants.com/Bouteloua_curtipendula_page.html,A,No Strat,,,,,Green,Green,,,,Green,1'-4',Chest,JUN - JUL,"JUN, JUL",,,Sn,"D, M",,,,TRUE,FALSE,TRUE,D-THOUS,nothing
Bouteloua dactyloides,Buffalo Grass (not MI Genotype),,,,Non-Native,,,,,,,,,,,,,,,,,,None,,,,,,,,"compact grass, best mass planted; rhisomonious ",FALSE,FALSE,NN,,
Bouteloua gracilis,Blue Grama,,,,Neat & Tidy,08=Aug,Grassy,,A,No Strat,,,,,Green,Green,Green,,,Green,2',Knee,JUN - AUG,"JUN, JUL, AUG",,,Sn,"D, M",,,"compact grass, best mass planted; lovely eyelashes-like seedhead",FALSE,FALSE,TRUE,C-HUNS,
Brachyelytrum erectum,Bearded Shorthusk,,,,,,Grassy,,,,,,,,Green,Green,Green,,,Green,1'-3.5',Knee,JUN - AUG,"JUN, JUL, AUG",,,"P, Sh","M, Ms",,,,FALSE,FALSE,FALSE,,
Bromus ciliatus,Fringed Brome,,,,,08=Aug,Grassy,,A,No Strat,,,,,,Green,Green,Green,,Green,4',Chest,JUL - SEP,"JUL, AUG, SEP",,,"Sn, P","Ms, W",,,,FALSE,FALSE,TRUE,C-HUNS,
Calamagrostis canadensis,Bluejoint Grass,,,,,07=Jul,Grassy,,"A, D",No Strat,Surface Sow,,,,Green,Green,Green,,,Green,4',Chest,JUN - AUG,"JUN, JUL, AUG",,,"Sn, P","M, Ms, W",,,aggressive wetland grass,FALSE,FALSE,TRUE,B-TENS,
Caltha palustris,Marsh Marigold,,,TRUE,Neat & Tidy,06=Jun,,https://www.missouriplants.com/Caltha_palustris_page.html,C(60),,,,Yellow,Yellow,Yellow,,,,,Yellow,1'-1.5',Ankle,APR - JUN,"APR, MAY, JUN","12""",,"Sn, P, Sh","M, Ms, W",,,"Beautiful native, short with big yellow flowers in spring.  Grows along pristine streams.  How does it do in a rain garden?",FALSE,FALSE,FALSE,,
Campanula americana,Tall/American Bellflower,,,,,08=Aug,,https://www.missouriplants.com/Campanula_americana_page.html,C(30),,,,,,,Blue Purple,Blue Purple,Blue Purple,,Blue Purple,3'-5',Chest,JUL - SEP,"JUL, AUG, SEP",,,"P, Sh","M, Ms",,,Too spindly for most,FALSE,TRUE,TRUE,C-HUNS,sand
Carex brevior,Shortbeak Sedge,,,,Neat & Tidy,07=Jul,"Grassy, Ground Cover",,C(60),,,,,,Green,Green,,,,Green,2',Knee,JUN - JUL,"JUN, JUL",,,"Sn, P, Sh","D, M, Ms",,,"bright green, cool-season growing; can handle full Sun and dry. ",FALSE,FALSE,TRUE,C-HUNS,
Carex gracillima,Graceful Sedge,,,,Neat & Tidy,06=Jun,Grassy,,"C(60), D",,Surface Sow,,,,Green,Green,,,,Green,1'-3',Knee,JUN - JUL,"JUN, JUL",,,"P, Sh","Ms, W",,,,FALSE,FALSE,FALSE,,
Carex grayi,Gray's/Common Bur Sedge,,,TRUE,Neat & Tidy,07=Jul,"Grassy, Ground Cover",https://www.missouriplants.com/Carex_grayi_page.html,C(60),,,,,Green,Green,,,,,Green,1'-2',Ankle,MAY - JUN,"MAY, JUN","18""",Y,"P, Sh","M, Ms",,,interesting seed heads if get close. Some sources say full sun to part shade.,FALSE,FALSE,TRUE,D-THOUS,sand
Carex hystericina,Porcupine Sedge,,,,,,"Grassy, Ground Cover",,C(60),,,,,,Green,Green,Green,Green,Green,Green,2'-3',Waist,JUN - OCT,"JUN, JUL, AUG, SEP, OCT","12-18""",Y,"Sn, P"," Ms, W",,,"good workhorse for all settings, provides nice texture if massed",FALSE,FALSE,FALSE,,sand
Carex muskingumensis,Palm Sedge,,,,Neat & Tidy,08=Aug,Grassy,,A,No Strat,,,,,Green,Green,Green,Green,Green,Green,2'-3',Knee,JUN - OCT,"JUN, JUL, AUG, SEP, OCT","12-18""",Y,"Sn, P, Sh","M, Ms, W",,,"good workhorse for all settings, provides nice texture if massed, souces lists as bloooming May-June",TRUE,FALSE,TRUE,C-HUNS,nothing
Carex pensylvanica,Penn Sedge,,,,Neat & Tidy,05=May,"Grassy, Ground Cover",,C(60),,,,Green,Green,Green,,,,,Green,1',Ankle,APR - JUN,"APR, MAY, JUN",,Y,"Sn, P, Sh","D, M",,,,FALSE,FALSE,FALSE,,
Carex sprengelii,Sprengel's Sedge,,,,Neat & Tidy,06=Jun,Grassy,,C(60),,,,,Green,Green,,,,,Green,1'-2',Knee,MAY - JUN,"MAY, JUN","18""",Y,"P, Sh","D, M, Ms",,,"clumper, good for drier edges, seed heads shoot up 2-3'",FALSE,FALSE,FALSE,,
Carex stipata,Common Fox Sedge,,,,Neat & Tidy,,"Grassy, Ground Cover",,C(60),,,,,Green,,,,,,Green,2',Knee,MAY,MAY,"12-18""",Y,"Sn, P, Sh","D, M, Ms",,,provides nice texture if massed,FALSE,FALSE,FALSE,,
Carex vulpinoidea,Brown Fox Sedge,,,,Neat & Tidy,08=Aug,Grassy,,"C(60), D",,Surface Sow,,,,Green,Green,Green,Green,Green,Green,2'-3',Knee,JUN - OCT,"JUN, JUL, AUG, SEP, OCT","12-18""",Y,"Sn, P, Sh","D, M, Ms, W",,,"good workhorse for all settings, provides nice texture if massed. Great for the wettest bottom of the rain garden. ",TRUE,FALSE,TRUE,D-THOUS,sand
Caulophyllum thalictroides,Blue Cohosh,,,,Neat & Tidy,,,https://www.missouriplants.com/Caulophyllum_thalictroides_page.html,M,,,,Yellow,,,,,,,Yellow,2',Knee,APR,APR,"12""",Y,Sh,Ms,,,"good for woodland setting, not terribly showy, but interesting foliage and berries for those who like diversity",FALSE,FALSE,FALSE,,
Ceanothus americanus,New Jersey Tea,,,TRUE,Neat & Tidy,08=Aug,Shrub,https://www.missouriplants.com/Ceanothus_americanus_page.html,"C(30), B",Hot Water Scarify -> C(30),,,,,White,White,,,,White,1'-3',Knee,JUN - JUL,"JUN, JUL",,N,"Sn, P","D, M",,,,FALSE,FALSE,TRUE,C-HUNS,
Cephalanthus occidentalis,Buttonbush,,,TRUE,,10=Oct,Shrub,https://www.missouriplants.com/Cephalanthus_occidentalis_page.html,A,No Strat,,,,,White,,,,,White,5'-12',Taller,JUN,JUN,,,"Sn, P","M, Ms, W",,,,TRUE,FALSE,TRUE,E-INF,nothing
Cercis canadensis,Red Bud,,,,,,Tree,,"C(60), H",,Hot Water Scarify -> C(60),,Pink,,,,,,,Pink,20-30',Taller,APR,APR,,,"Sn, P",M,,,,FALSE,FALSE,TRUE,B-TENS,
Chamaecrista fasciculata,Partridge Pea,,,,,08=Aug,,,C(30),,,,,,,Yellow,Yellow,Yellow,,Yellow,2',Knee,JUL - SEP,"JUL, AUG, SEP",,,"Sn, P","D, M",,,,FALSE,FALSE,TRUE,D-THOUS,
Chelone glabra,White Turtlehead,,,,Neat & Tidy,09=Sep,,https://www.missouriplants.com/Chelone_glabra_page.html,"C(90), M",,,,,,,,White,White,,White,3',Waist,AUG - SEP,"AUG, SEP",,,"Sn, P","M, Ms, W",,"Clay, Loam","Very sensitive to varying moisture levels, tends to flop, has conservative soil type range--not good for general rain garden use",FALSE,TRUE,TRUE,E-INF,sand
Circaea lutetiana,Enchanter’s Nightshade,,,,,07=Jul,,,C(90),,,direct sow,,,White,White,White,,,White,1',Knee,JUN - AUG,"JUN, JUL, AUG",,,Sh,"M, Ms",,,"woodland filler, weedy habit, has bur seeds but amond the least annoiying burs.",FALSE,FALSE,TRUE,D-THOUS,
Cirsium muticum,Swamp Thistle,,,,,08=Aug,,,C(30),,,,,,,Purple,Purple,Purple,Purple,Purple,7',Taller,JUL - OCT,"JUL, AUG, SEP, OCT",,,"Sn, P","M, Ms",,,,FALSE,FALSE,TRUE,A-FEW,
Clematis virginiana,Virgin's Bower,TRUE,,,,09=Sep,,,A,No Strat,,,,,,White,White,White,,White,9',Taller,JUL - SEP,"JUL, AUG, SEP",,,"Sn, P","M, Ms",,,,FALSE,FALSE,TRUE,D-THOUS,
Collinsonia canadensis,"Richweed, Horsebalm",,,,,07=Jul,,,C(90),,,,,,,,Yellow,Yellow,,Yellow,2'-4',Waist,AUG - SEP,"AUG, SEP",,,P,M,,,,FALSE,FALSE,TRUE,A-FEW,
Coreopsis lanceolata,Sand/Lance-leaf Coreopsis,,,TRUE,"Neat & Tidy, Sweet & Simple",07=Jul,,https://www.missouriplants.com/Coreopsis_lanceolata_page.html,C(30),,,,,,Yellow,Yellow,Yellow,,,Yellow,1'-2',Knee,JUN - AUG,"JUN, JUL, AUG",,,Sn,"D, M",,Sand,,TRUE,FALSE,TRUE,C-HUNS,sand
Coreopsis palmata,Prairie Tickseed,,,,Non-Native,,,,,,,,,,,,,,,,,,None,,,,,,,,,FALSE,FALSE,FALSE,,
Coreopsis ssp.,Mixed Coreopsis,,,,,,,,C(60),,,,,,,,,,,Yellow,,,None,,,,"Sn, P",M,,Sand,,FALSE,FALSE,FALSE,,sand
Coreopsis tripteris,Tall Coreopsis,,,,,09=Sep,,https://www.missouriplants.com/Coreopsis_tripteris_page.html,C(60),,,,,,,Yellow,Yellow,Yellow,,Yellow,4'-7',Taller,JUL - SEP,"JUL, AUG, SEP","24""",,"Sn, P",M,,,"Tall, and stays upright.  Good in dry sand, well-drained sand rain gardens, and possibly heavier soils - try it and see.",TRUE,FALSE,TRUE,D-THOUS,sand
Cryptotaenia canadensis,Honewort,,,,,08=Aug,,,C(60),,,,,,White,White,White,,,White,2',Knee,JUN - AUG,"JUN, JUL, AUG","1""",y,Sh,M,,,"""background"" woodland plant; adored by insects, black swallowtail host (apiaceae)",FALSE,FALSE,TRUE,B-TENS,
Dalea purpurea,Purple Prairie Clover,,,,Neat & Tidy,08=Aug,,https://www.missouriplants.com/Dalea_purpurea_page.html,"A, I, J",No Strat,Scarify,,,,Deep Purple,Deep Purple,Deep Purple,,,Deep Purple,1'-3',Waist,JUN - AUG,"JUN, JUL, AUG",,,Sn,M,,,,FALSE,FALSE,FALSE,,scratch b4 planting
Danthonia spicata,Poverty Oat Grass,,,,,06=Jun,Grassy,,C(60),,,,,Green,Green,,,,,Green,1',Ankle,MAY - JUN,"MAY, JUN","6""",100%,"Sn, P, Sh","D, M",,poor,tiny grass. Thrivers in bare limestone gravel includign roadsides. Intolerant of taller competition.,FALSE,FALSE,FALSE,C-HUNS,
Desmodium canadense,Showy Tick-Trefoil,,,,,08=Aug,,https://www.missouriplants.com/Desmodium_canadense_page.html,"A, I, J",No Strat,Scarify,,,,,Purple,Purple,Purple,,Purple,5',Taller,JUL - SEP,"JUL, AUG, SEP",,,"Sn, P","M, Ms",,,,FALSE,FALSE,TRUE,C-HUNS,scratch b4 planting
Dioscorea villosa,Wild Yam,,,,,08=Aug,,,C(60),,,papery seeds are fragile,,,Green,Green,,,,Green,small vine,Chest,JUN - JUL,"JUN, JUL",1',,"P, Sh","M, Ms",,,can grow along fences without damage; dioecious,FALSE,FALSE,TRUE,B-TENS,
Doellingeria umbellata,Flat-topped White Aster,,,,,08=Aug,,,C(60),,,,,,,White,White,White,,White,5',Taller,JUL - SEP,"JUL, AUG, SEP",,,"Sn, P","M, Ms, W",,,,FALSE,FALSE,TRUE,E-INF,
Drymocallis arguta,Tall Cinquefoil,,,,,09=Sep,,https://www.minnesotawildflowers.info/flower/tall-cinquefoil,"C(60), D, G",,Surface Sow,,,,White,White,White,White,,White,1'-3',Knee,JUN - SEP,"JUN, JUL, AUG, SEP",,,"Sn, P","D, M",,,"This species was formerly known as Potentilla arguta with 2 varieties/subspecies, both of which are now separate species of Drymocallis. D. arguta is the only Drymocallis species found east of the Rocky Mountains.",FALSE,FALSE,FALSE,,sand
Echinacea pallida,Pale Purple Coneflower,,,TRUE,Neat & Tidy,09=Sep,,https://www.missouriplants.com/Echinacea_pallida_page.html,"C(90), M",,,,,,Lt. Lavender,Lt. Lavender,,,,Lt. Lavender,2'-3',Knee,JUN - JUL,"JUN, JUL",,,"Sn, P","D, M",,,,TRUE,FALSE,TRUE,C-HUNS,sand
Echinacea purpurea,Purple Coneflower,,,,"Neat & Tidy, Sweet & Simple",08=Aug,,https://www.missouriplants.com/Echinacea_purpurea_page.html,A,No Strat,,,,,,Pink-Purple,Pink-Purple,,,Pink-Purple,3'-3.5',Chest,JUL - AUG,"JUL, AUG","12-18""",,"Sn, P","D, M, Ms",,Clay,"good for clay, good butterfly plant, may also bloom in September",TRUE,FALSE,TRUE,D-THOUS,nothing
Echinocystis lobata,Wild Cucumber,,,,,09=Sep,,,C(60),,,,,,,White,White,White,,White,20' vine,Chest,JUL - SEP,"JUL, AUG, SEP",,,"Sn, P","M, Ms, W",,,,FALSE,FALSE,TRUE,A-FEW,
Elymus canadensis,Canada Rye,,,,,07=Jul,Grassy,,A,No Strat,,,,,Green,Green,Green,,,Green,3'-5',Taller,JUN - AUG,"JUN, JUL, AUG",,,Sn,"D, M",,,,FALSE,FALSE,TRUE,C-HUNS,nothing
Elymus hystrix,Eastern Bottlebrush Grass,,,,,07=Jul,Grassy,https://www.missouriplants.com/Elymus_hystrix_page.html,A,No Strat,,,,,Green,Green,,,,Green,3'-5',Taller,JUN - JUL,"JUN, JUL",,,"P, Sh","D, M",,,,TRUE,FALSE,TRUE,C-HUNS,nothing
Elymus villosus,Silky Wild Rye,,,,Neat & Tidy,07=Jul,Grassy,,A,No Strat,,,,,Green,Green,Green,Green,,Green,3',Knee,JUN - SEP,"JUN, JUL, AUG, SEP",,y,"P, Sh","M, Ms",,,elegant cool season grass with strong winter interest seedheads.,FALSE,FALSE,TRUE,C-HUNS,
Elymus virginicus,Virginia Wild Rye,,,,,08=Aug,Grassy,https://www.missouriplants.com/Elymus_virginicus_page.html,A,No Strat,,,,,Green,,,,,Green,2'-4',Chest,JUN,JUN,,,"Sn, P","M, Ms, W",,,,TRUE,FALSE,FALSE,,nothing
Epilobium ciliatum,Fringed Willowherb,,,,Neat & Tidy,08=Aug,,,C(60),,,,White-Pink,White-Pink,White-Pink,White-Pink,White-Pink,White-Pink,White-Pink,White-Pink,6',Taller,APR - OCT,"APR, MAY, JUN, JUL, AUG, SEP, OCT",,,"Sn, P","M, Ms, W",,,,FALSE,FALSE,TRUE,C-HUNS,
Eragrostis spectabilis,Purple Lovegrass,,,TRUE,Neat & Tidy,09=Sep,Grassy,https://www.missouribotanicalgarden.org/PlantFinder/PlantFinderDetails.aspx?kempercode=d593,"A, D",No Strat,Surface Sow,,,,,Green,Green,,,Green,1'-2',Knee,JUL - AUG,"JUL, AUG",,,Sn,"D, M",,,,TRUE,FALSE,TRUE,D-THOUS,nothing
Erechtites hieraciifolius,American Burnweed,,,,,07=Jul,,,C(90),,,direct sow,,,,Yellow,Yellow,Yellow,,Yellow,8'-10',Taller,JUL - SEP,"JUL, AUG, SEP",irrelevant,high,"Sn, P","M, Ms",,,"one of the best insect attracting plants; weedy habit 'settles down'  https://bplant.org/plant/339#:~:text=It%20sprouts%20from%20seed%20in,begins%20growing%20upright%20rather%20soon",FALSE,FALSE,TRUE,E-INF,
Erigeron annuus,Annual Fleabane,,,,,05=May,,,"A, D",No Strat,Surface Sow,direct sow,White,White,White,White,,,,White,4',Chest,APR - JUL,"APR, MAY, JUN, JUL",irrelevant,fairly,"Sn, P","M, Ms",,,,FALSE,FALSE,TRUE,E-INF,
Eryngium yuccifolium,Rattlesnake Master,,,,,10=Oct,,https://www.missouriplants.com/Eryngium_yuccifolium_page.html,C(60),,,,,,,White-Lt. Green,White-Lt. Green,,,White-Lt. Green,3',Waist,JUL - AUG,"JUL, AUG","18""",,Sn,"D, M, Ms",,,"dramatic form, not for the faint of heart, also bloom in May and June?",TRUE,FALSE,TRUE,E-INF,sand
Euonymus obovatus,"Running Euonymus, Strawberry Bush",,,,,,Ground Cover,https://www.wildflower.org/plants/result.php?id_plant=euob8,"C(60), C(90), E",Warm Moist -> Cold Moist,Complex,,Pale Green,Pale Green,Pale Green,,,,,Pale Green,1'-2',Ankle,APR - JUN,"APR, MAY, JUN",,,Sh,Ms,,,,FALSE,FALSE,TRUE,A-FEW,?
Eupatorium fistulosum - OLD NAME,Tall Joe Pye Weed,,,,Old Name,,,,,,,,,,,,,,,,,,None,,,,,,,,Now known as Eutrochium fistulosum,FALSE,FALSE,OLD,,
Eupatorium maculatum - OLD NAME,Spotted Joe Pye Weed,,,,Old Name,,,,,,,,,,,,,,,,,,None,,,,,,,,Now known as Eutrochium maculatum,FALSE,FALSE,OLD,,
Eupatorium perfoliatum,Common Boneset,,,,,09=Sep,,https://www.missouriplants.com/Eupatorium_perfoliatum_page.html,"C(30), D",,Surface Sow,,,,,White,White,White,,White,3'-5',Chest,JUL - SEP,"JUL, AUG, SEP",,,"Sn, P","M, Ms",,,"Can be quite aggressive--use with caution, good for drawing beneficial (predatory) insects",TRUE,FALSE,TRUE,E-INF,sand
Eupatorium purpureum - OLD NAME,Sweet Joe Pye Weed,,,,Old Name,,,,,,,,,,,,,,,,,,None,,,,,,,,Now known as Eutrochium purpureum,FALSE,FALSE,OLD,,
Eupatorium rugosum - OLD NAME,White Snakeroot,,,,Old Name,,,,,,,,,,,,,,,,,,None,,,,,,,,Now known as Ageratina altissima,FALSE,FALSE,OLD,,
Eurybia macrophylla,Big Leaf/Large-Leaved Aster,,,TRUE,"Neat & Tidy, Sweet & Simple",09=Sep,Ground Cover,https://www.missouribotanicalgarden.org/PlantFinder/PlantFinderDetails.aspx?kempercode=b918,C(60),,,,,,,Lavender,Lavender,,,Lavender,1'-3',Knee,JUL - AUG,"JUL, AUG",,,"P, Sh","D, M",,Loam,Previously known as Aster macrophyllus,TRUE,FALSE,TRUE,D-THOUS,sand
Eutrochium fistulosum,Tall Joe Pye Weed,,,,,,,https://www.missouriplants.com/Eutrochium_fistulosum_page.html,C(60),,,,,,,White-Pink,White-Pink,White-Pink,,White-Pink,4'-7',Taller,JUL - SEP,"JUL, AUG, SEP",,,"Sn, P","M, Ms, W",,,Previously known as Eupatorium fistulosum.,FALSE,FALSE,FALSE,,sand
Eutrochium maculatum,Spotted Joe Pye Weed,,,,,09=Sep,,https://www.missouriplants.com/Eutrochium_maculatum_page.html,"C(30), D",,Surface Sow,,,,,Pink,Pink,,,Pink,5'-6',Taller,JUL - AUG,"JUL, AUG","24""",,"Sn, P","D, M, Ms, W",,,"Previously known as  Eupatorium maculatum. really tall and dramatic, draws beneficial insects. Some sources say Medium to Wet.",TRUE,FALSE,FALSE,,sand
Eutrochium purpureum,Sweet/Purple Joe Pye Weed,,,,,09=Sep,,https://www.missouriplants.com/Eutrochium_purpureum_page.html,"C(30), G",,,,,,,Pink,Pink,Pink,,Pink,4'-6',Taller,JUL - SEP,"JUL, AUG, SEP",,,"Sn, P","M, Ms, W",,,Previously known as Eupatorium purpureum.,TRUE,FALSE,TRUE,E-INF,sand
Fallopia scandens,Climbing False Buckwheat,,,,,08=Aug,Grassy,,C(60),,,,,,,White-Lt. Green,White-Lt. Green,White-Lt. Green,,White-Lt. Green,3'-15',Taller,JUL - SEP,"JUL, AUG, SEP",,,"Sn, P","Ms, W",,,,FALSE,FALSE,TRUE,B-TENS,
Filipendula rubra,Queen of the Prairie,,,,,08=Aug,,,C(90),,,,,,Pink,Pink,Pink,,,Pink,5',Chest,JUN - AUG,"JUN, JUL, AUG",,,Sn,"Ms, W",,,,FALSE,FALSE,TRUE,B-TENS,
Fragaria virginiana,Wild Strawberry,,,TRUE,Neat & Tidy,06=Jun,,https://www.missouriplants.com/Fragaria_virginiana_page.html,C(60),,,,,White,White,,,,,White,1',Ankle,MAY - JUN,"MAY, JUN","18""",Y,"Sn, P, Sh","D, M, Ms",,"Clay, Loam","edible, great groundcover for spreading in between plants that are spaced far, can spread into adjoining lawn (check with owner), nice fall color, source lists bloom April-May",TRUE,FALSE,TRUE,C-HUNS,sand
Gentiana andrewsii,Bottle Gentian,,,,Neat & Tidy,10=Oct,,https://www.missouriplants.com/Gentiana_andrewsii_page.html,"C(60), D",,Surface Sow,,,,,,Blue,Blue,,Blue,1'-2',Knee,AUG - SEP,"AUG, SEP",,,"Sn, P","Ms, W",,,,TRUE,FALSE,TRUE,E-INF,sand
Geranium maculatum,Wild Geranium,,,TRUE,"Neat & Tidy, Sweet & Simple",05=May,,https://www.missouriplants.com/Geranium_maculatum_page.html,"C(60), M, *",Keep Moist + C(30) or Scarify + C(20),Keep Moist or Scarify.,,,Lt. Blue-Lavender,Lt. Blue-Lavender,,,,,Lt. Blue-Lavender,1'-2',Ankle,MAY - JUN,"MAY, JUN","12""",Y,"Sn, P, Sh","D, M, Ms",,,"neat native that clumps, stays small and keeps leaves throughout season, nice fall color",TRUE,FALSE,TRUE,C-HUNS,Keep Moist or Scarify
Geum triflorum,Prairie Smoke,FALSE,FALSE,TRUE,Neat & Tidy,05=May,,,C(60),,,,Pink,Pink,Pink,,,,,Pink,1',Ankle,APR - JUN,"APR, MAY, JUN",,,"Sn, P","D, M, Ms",,,,FALSE,FALSE,TRUE,A-FEW,
Hackelia virginiana,Sticktight (Virginia Stickseed),,,,,07=Jul,,,C(30),,,collect from clothes/dogs. do not plant this plant.,,,,,,,,,,,None,,,high,P,"Ms, W",,,among the least liked natives due to sticky seeds; biennial so learning to ID first year plants very helpful for control,FALSE,FALSE,FALSE,,
Helenium autumnale,Sneezeweed,,,,,10=Oct,,https://www.missouriplants.com/Helenium_autumnale_page.html,A,No Strat,,,,,,,Yellow,Yellow,,Yellow,3'-6',Chest,AUG - SEP,"AUG, SEP","18""",,"Sn, P","Ms, W",,,Nice flowers.  Does it do ok in a rain garden?,FALSE,FALSE,TRUE,E-INF,
Helianthus mollis,Downy Sunflower,,,,,,,,C(30),,,,,,,,Yellow,Yellow,,Yellow,5',Chest,AUG - SEP,"AUG, SEP",,,"Sn, P","D, M",,,,FALSE,FALSE,TRUE,D-THOUS,
Helianthus strumosus,Pale Leaved Sunflower,,,,,09=Sep,,https://www.missouriplants.com/Helianthus_strumosus_page.html,C(30),,,,,,,Yellow,Yellow,,,Yellow,4'-6',Chest,JUL - AUG,"JUL, AUG",,,"Sn, P",M,,,,FALSE,FALSE,FALSE,,sand
Helianthus tuberosus,"Jerusalem Artichoke, sunchoke, sunroot",,,,,09=Sep,,,C(60),,,,,,Yellow,Yellow,Yellow,,,Yellow,5',Taller,JUN - AUG,"JUN, JUL, AUG","1""",,Sn,D,,,tough,FALSE,FALSE,TRUE,C-HUNS,
Heliopsis helianthoides,"False Sunflower, Ox-eye Sunflower",,,,,09=Sep,,https://www.missouriplants.com/Heliopsis_helianthoides_page.html,C(30),,,,,,,Yellow,Yellow,Yellow,,Yellow,4'-6',Chest,JUL - SEP,"JUL, AUG, SEP",,,"Sn, P",M,,,,TRUE,FALSE,TRUE,E-INF,sand
Heracleum maximum,Cow Parsnip,,,,,,,,"F, M",Cold Moist -> Warm Moist -> Cold Moist,Complex,,,,White,White,,,,White,4'-7',Taller,JUN - JUL,"JUN, JUL",6',,"Sn, P, Sh","M, Ms, W",,,"Very big, tall plant.  Dramatic!  A good focal point.  Resembles the toxic Giant Hogweed, but otherwise is very pretty.  Is not a noxious weed and is not poisonous.",FALSE,FALSE,FALSE,,?
Heuchera americana,Alum Root / Coral Bells,,,TRUE,Neat & Tidy,07=Jul,Ground Cover,https://www.missouribotanicalgarden.org/PlantFinder/PlantFinderDetails.aspx?kempercode=k460,"C(30), D",,Surface Sow,,,White,White,,,,,White,1'-2',Ankle,MAY - JUN,"MAY, JUN",,,"P, Sh",M,,,"Not showy at all, but if massed is OK for texture",TRUE,FALSE,FALSE,,sand
Hibiscus laevis,Halberd-leaf Rose Mallow,,,,,08=Aug,,https://www.missouriplants.com/Hibiscus_laevis_page.html,C(60),,,,,White-Pink,White-Pink,White-Pink,White-Pink,White-Pink,White-Pink,White-Pink,4'-6',Chest,MAY - OCT,"MAY, JUN, JUL, AUG, SEP, OCT",,,Sn,"M, Ms, W",,,,FALSE,FALSE,TRUE,C-HUNS,
Hibiscus moscheutos,Swamp Rose Mallow,,,,,09=Sep,,,C(60),,,,,,,,White-Pink,White-Pink,,White-Pink,4'-6',Chest,AUG - SEP,"AUG, SEP","32""",,Sn,"M, Ms, W",,,"Huge pink flowers, shrub-like",TRUE,FALSE,TRUE,B-TENS,sand
Hibiscus spp.,Mixed Rose Mallow,,,,,,,,C(60),,,,,,,,,,,,,Chest,None,,,,Sn,Ms,,,,FALSE,FALSE,FALSE,,sand
Hydrophyllum virginianum,Virginia Waterleaf,,,,Neat & Tidy,,Ground Cover,https://www.missouriplants.com/Hydrophyllum_virginianum_page.html,C(60),,,,,Lt. Blue-Lavender,Lt. Blue-Lavender,,,,,Lt. Blue-Lavender,1'-2',Knee,MAY - JUN,"MAY, JUN","10""",,Sh,"M, Ms, W",,,"not espeically showy, best massed for even texture, can take water",FALSE,FALSE,FALSE,,
Ilex verticillata,Winterberry Holly,,,,,,Shrub,https://www.missouribotanicalgarden.org/PlantFinder/PlantFinderDetails.aspx?kempercode=d440,"F, M",Cold Moist -> Warm Moist -> Cold Moist,Complex,,,,White,,,,,White,6'-12',Taller,JUN,JUN,,,"Sn, P","M, Ms, W",,,,FALSE,FALSE,FALSE,,?
Impatiens capensis,"Jewelweed, Touch-me-not",,,,,,,https://www.missouriplants.com/Impatiens_capensis_page.html,"F, L, M",Keep Moist. Cold -> Warm -> Cold,Complex,,,,Orange,Orange,Orange,Orange,,Orange,2'-5',Chest,JUN - SEP,"JUN, JUL, AUG, SEP",,,"P, Sh","M, Ms, W",,,,FALSE,FALSE,FALSE,,?
Iris virginica,Blue Flag Iris,,,TRUE,Neat & Tidy,08=Aug,,https://www.missouriplants.com/Iris_virginica_page.html,"C(120), M",,,,,Lt. Blue-Lavender,Lt. Blue-Lavender,,,,,Lt. Blue-Lavender,2'-3',Waist,MAY - JUN,"MAY, JUN","12-18""",Y,"Sn, P, Sh","M, Ms, W",,,"great clean and neat foliage, nice flower, really tough--an excellent workhorse.  Great for the wettest bottom of the rain garden. ",TRUE,FALSE,TRUE,C-HUNS,sand
Juncus tenuis,Path Rush,,,,,08=Aug,Grassy,,"C(60), D",,Surface Sow,,,,Green,Green,Green,Green,,Green,1'-2',Ankle,JUN - SEP,"JUN, JUL, AUG, SEP","12""",,"P, Sh","M, Ms",,,A litle rush.  Is it pretty enough to be a garden plant?,FALSE,FALSE,TRUE,C-HUNS,
Lactuca biennis,Tall Blue Lettuce,,,,,09=Sep,,,C(60),,,,,,,White,White,White,,White,2'-7',Chest,JUL - SEP,"JUL, AUG, SEP",,y,"P, Sh","M, Ms, W",,,potentially grows very tall,FALSE,FALSE,TRUE,A-FEW,
Laportea canadensis,Wood/Canada Nettle,,,,,07=Jul,,,C(60),,,,,,White,White,,,,White,"3""",Waist,JUN - JUL,"JUN, JUL",,y,Sh,"M, Ms",,,"histimine-inducting sharp hairs; edible with processing, rhisomes, beneficial to insects
keep seedlings consistenly moist.",FALSE,FALSE,TRUE,C-HUNS,
Leersia virginica,Whitegrass,,,,,,"Grassy, Ground Cover",,C(30),,,"possibly ""sow outside in fall"" possibly A!",,,White,White,White,,,White,2',Knee,JUN - AUG,"JUN, JUL, AUG",1',highly,"P, Sh","M, Ms",,,rarely cultivated floppy loose grasss of woodland edges,FALSE,FALSE,FALSE,D-THOUS,
Lespedeza capitata,Round Headed Bush Clover,,,,,09=Sep,,https://www.missouriplants.com/Lespedeza_capitata_page.html,"C(10), I, J",,Scarify,,,,,White,White,White,,White,2'-4',Waist,JUL - SEP,"JUL, AUG, SEP",,,"Sn, P","D, M",,,,FALSE,FALSE,TRUE,B-TENS,scratch b4 planting
Lespedeza spp.,Bush Clover,,,,,,,,"C(10), I, J",,Scarify,Sandpaper and then C(10),,,,,Green,Green,,Green,4',Waist,AUG - SEP,"AUG, SEP",,,"Sn, P","D, M",,,,FALSE,FALSE,TRUE,D-THOUS,
Liatris aspera,Rough Blazing Star,,,,,09=Sep,,https://www.missouriplants.com/Liatris_aspera_page.html,C(60),,,,,,,Pink,Pink,Pink,,Pink,3'-4',Waist,JUL - SEP,"JUL, AUG, SEP",,,Sn,"D, M",,,,TRUE,FALSE,TRUE,C-HUNS,sand
Liatris pycnostachya,Prairie Blazing Star,,,,,08=Aug,,https://www.missouriplants.com/Liatris_pycnostachya_page.html,C(60),,,,,,,Purple,Purple,,,Purple,2'-5',Chest,JUL - AUG,"JUL, AUG",,,Sn,"D, M",,,,FALSE,FALSE,TRUE,D-THOUS,sand
Liatris scariosa,Northern Blazing Star,,,TRUE,,09=Sep,,https://www.missouriplants.com/Liatris_scariosa_page.html,C(60),,,,,,,Pink,Pink,Pink,,Pink,3'-4',Waist,JUL - SEP,"JUL, AUG, SEP",,,Sn,"D, M",,,,TRUE,FALSE,FALSE,,sand
Liatris spicata,Blazing Star,,,TRUE,Neat & Tidy,10=Oct,,https://www.missouriplants.com/Liatris_spicata_page.html,C(60),,,,,,,Pink-Purple,,,,Pink-Purple,3'-5',Chest,JUL,JUL,"10""",,"Sn, P","M, Ms",,Clay,"a clumper, flower spike can get quite tall, needs facer plant in front, nice color for that time of season, can take clay",TRUE,FALSE,TRUE,C-HUNS,sand
Lilium michiganense,Michigan Lily,,,,,09=Sep,,https://www.missouriplants.com/Lilium_michiganense_page.html,E,,Complex,,,,Orange,Orange,Orange,,,Orange,4'-5',Chest,JUN - AUG,"JUN, JUL, AUG",4',,"Sn, P",M,,,"I have no idea if this would thrive in a rain garden, but wouldn't it be cool if it did?",FALSE,FALSE,FALSE,,
Lindera benzoin,Spicebush,,,TRUE,,08=Aug,Shrub,https://www.missouriplants.com/Lindera_benzoin_page.html,"C(105), E, L",Keep Moist. Warm -> Cold.,Complex,,Pale Green,,,,,,,Pale Green,6'-12',Taller,APR,APR,,Y,"Sn, P",M,,,"Drought, Heavy Shade, Black Walnut",TRUE,FALSE,FALSE,,?
Lobelia cardinalis,Cardinal Flower,,,,,09=Sep,,https://www.missouriplants.com/Lobelia_cardinalis_page.html,"C(60), D",,Surface Sow,"Add lots of sand. Its very easy to get too many seeds. 17,000 seeds per gram. 300,000 per oz.",,,,Red,Red,,,Red,3',Knee,JUL - AUG,"JUL, AUG","12""",,"P, Sh","M, Ms",,,"a little picky, likes moist best, narrow form, can be short lived but will re-seed if happy, aesthetically best used with shorter plants around",TRUE,FALSE,TRUE,E-INF,sand
Lobelia inflata,Indian Tobacco,,,,,11=Nov,,https://www.missouriplants.com/Lobelia_inflata_page.html,"C(60), D",,Surface Sow,,,,White,White,White,White,White,White,1'-3',Knee,JUN - OCT,"JUN, JUL, AUG, SEP, OCT",,,"Sn, P","M, Ms",,,,FALSE,FALSE,FALSE,,sand
Lobelia siphilitica,Blue Lobelia,,,,"Neat & Tidy, Sweet & Simple",09=Sep,,https://www.missouriplants.com/Lobelia_siphilitica_page.html,"C(60), D",,Surface Sow,"Add lots of sand. Its very easy to get too many seeds. 17,000 seeds per gram. 300,000 per oz.",,,,Blue Purple,Blue Purple,Blue Purple,,Blue Purple,2.5',Waist,JUL - SEP,"JUL, AUG, SEP","12""",Y,"Sn, P, Sh","M, Ms, W",,,"longer lived than sister cardinal flower, nice blue at end of the season, neat for native, good for drawing beneficial (predatory) insects",TRUE,FALSE,TRUE,D-THOUS,sand
Lonicera dioica,Limber Honeysuckle,,,,,,Shrub,https://www.wildflower.org/plants/result.php?id_plant=lodi2,"C(10), H, I",,Scarify.,,,Red,Red,,,,,Red,Vine,,MAY - JUN,"MAY, JUN",,,"Sn, P, Sh","D, M, Ms",,,Vine,FALSE,FALSE,FALSE,,scratch b4 planting
Lupinus perennis,Wild Lupine,,,TRUE,Neat & Tidy,06=Jun,,,"C(10), H, I",,Scarify.,,,Blue,Blue,,,,,Blue,1'-2',Knee,MAY - JUN,"MAY, JUN",,,Sn,D,,,,FALSE,FALSE,FALSE,,scratch b4 planting
Maclura pomifera,Osage Orange,,,,Non-Native,,Tree,,,,,,Green,Green,Green,,,,,Green,65',Taller,APR - JUN,"APR, MAY, JUN",,,"Sn, P","M, Ms",,,"thorny, can be a hedge; mastadon dispersed",FALSE,FALSE,NN,,
Mimulus ringens,Monkey-Flower,,,TRUE,,10=Oct,,https://www.missouriplants.com/Mimulus_ringens_page.html,"C(60), D",,Surface Sow,,,,Blue,Blue,Blue,,,Blue,1'-2',Knee,JUN - AUG,"JUN, JUL, AUG","24""",Y,"Sn, P","M, Ms, W",,,Best in part shade.,FALSE,FALSE,FALSE,,
Mitella diphylla,Bishop's Cap,,,,Neat & Tidy,06=Jun,,https://www.missouriplants.com/Mitella_diphylla_page.html,"L, M",Keep Moist,,,White,White,White,,,,,White,1',Ankle,APR - JUN,"APR, MAY, JUN",,,P,M,,,,TRUE,FALSE,FALSE,,
Monarda fistulosa,"Bee-balm, Wild Bergamot",,,,,08=Aug,,https://www.missouriplants.com/Monarda_fistulosa_page.html,A,No Strat,,,,,,Lt. Lavender,Lt. Lavender,Lt. Lavender,,Lt. Lavender,2'-4',Waist,JUL - SEP,"JUL, AUG, SEP","12-18""",,"Sn, P","D, M, Ms, W",,,Gets an ugly fungus on it after it blooms,TRUE,TRUE,TRUE,C-HUNS,nothing
Monarda punctata,Horsemint,,,TRUE,,09=Sep,,https://www.missouriplants.com/Monarda_punctata_page.html,"A, D",No Strat,Surface Sow,,,,,White-Pink,White-Pink,,,White-Pink,1.5'-2.5',Knee,JUL - AUG,"JUL, AUG","12-18""",Y,"Sn, P","D, M, Ms",,Sand,"has showy, dramatic bracts, can get a little spindly, prefers sandy soils, self sows, bee attractor, salt tolerant",TRUE,FALSE,TRUE,B-TENS,nothing
Muhlenbergia schreberi,Nimblewill,,,,,,"Ground Cover, Grassy",,,,,,,,Green,Green,Green,,,Green,<1',Ankle,JUN - AUG,"JUN, JUL, AUG",1',highly,"Sn, P",Ms,,,"small woodland grass, not easily contained but easily cleared",FALSE,FALSE,FALSE,,
Oenothera biennis,Common Evening Primrose,,,,,08=Aug,,https://www.missouriplants.com/Oenothera_biennis_page.html,"A, D, G",No Strat,Surface Sow,,,,Yellow,Yellow,Yellow,Yellow,,Yellow,3'-5',Chest,JUN - SEP,"JUN, JUL, AUG, SEP",,,"Sn, P",M,,,,FALSE,TRUE,TRUE,D-THOUS,nothing
Oenothera gaura,Biennial Gaura,,,,,08=Aug,,,C(60),,,,,,Pink,Pink,Pink,,,Pink,6',Taller,JUN - AUG,"JUN, JUL, AUG",,,Sn,"M, Ms",,,"sprawling weedy evening primrose; pretty but small flowers, favored by insects ",FALSE,FALSE,TRUE,C-HUNS,
Oligoneuron riddellii,Riddell's Goldenrod,,,,,10=Oct,,,"C(60), D",,Surface Sow,,,,,,Yellow,Yellow,,Yellow,2'-4',Waist,AUG - SEP,"AUG, SEP","24""",,Sn,"Ms, W",,,"Formally known as Solidago riddellii. Nice good-looking foliage, looks like a garden plant.  Pretty yellow flowers the same time as Asters and Boltonia. ",FALSE,FALSE,TRUE,E-INF,sand
Oligoneuron rigidum,Stiff/Rigid Goldenrod,,,,,09=Sep,,,C(60),,,,,,,,Yellow,Yellow,Yellow,Yellow,3'-4',Chest,AUG - OCT,"AUG, SEP, OCT",,,"Sn, P","D, M, Ms",,,"Previously known as Solidago rigida.
subtle for a goldenrod, great for clay, leggy, so put a facer plant in front. Some sorces say Medium Moisture and Full Sun, combine with Oligoneuron rigidum, compare details",FALSE,FALSE,TRUE,C-HUNS,
Packera aurea - OLD NAME,Golden Ragwort,,,,Old Name,,,https://www.missouriplants.com/Packera_aurea_-_OLD_NAME_page.html,,,,,,,,,,,,,,,None,,,,,,,,Name changed to Senecio aureus,TRUE,FALSE,OLD,,sand
Panicum virgatum,Switch Grass,,,,,10=Oct,Grassy,,A,No Strat,,,,,,,Green,Green,,Green,4'-6',Chest,AUG - SEP,"AUG, SEP",3',Y,Sn,"D, M, Ms, W",,,"as long as it has sun, this plant really performs, but can be too floppy for some (use cultivars below if want neater appearance), can re-seed  assertively (warning!), best with low groundcover (fragaria virginiana, potentilla simplex) since spaced far apart, good for clay, salt tolerant",FALSE,FALSE,TRUE,D-THOUS,
Parthenium integrifolium,Wild Quinine,,,,,08=Aug,,https://www.missouriplants.com/Parthenium_integrifolium_page.html,C(60),,,,,White,White,White,White,,,White,2'-4',Waist,MAY - AUG,"MAY, JUN, JUL, AUG",,,Sn,"D, M",,,,FALSE,FALSE,TRUE,B-TENS,sand
Penstemon digitalis,Foxglove/White/Smooth Beardtongue,,,,Neat & Tidy,09=Sep,,https://www.missouriplants.com/Penstemon_digitalis_page.html,C(30),,,"Crush seed pods.
#7 screen lets seeds/dust through.",,,White,,,,,White,3'-4',Waist,JUN,JUN,"18""",Y,"Sn, P","D, M, Ms",,,"fills the void of blooming native plants in June,good for clay,  but can look a little leggy--needs a facer",TRUE,FALSE,TRUE,E-INF,sand
Penstemon hirsutus,Hairy Beardtongue,,,TRUE,"Neat & Tidy, Sweet & Simple",08=Aug,,,C(60),,,"Crush seed pods.
#7 screen lets seeds/dust through.",,Blue,Blue,Blue,,,,Blue,1'-2',Knee,MAY - JUL,"MAY, JUN, JUL",,,"Sn, P","D, M",,"Loam, Sand",,FALSE,FALSE,TRUE,D-THOUS,
Persicaria pensylvanica,Pennsylvania Smartweed,,,,,08=Aug,,,"C(60), D",,Surface Sow,,,,Pink,Pink,Pink,Pink,Pink,Pink,4',Chest,JUN - OCT,"JUN, JUL, AUG, SEP, OCT",,,P,"M, Ms, W",,,"annual, gangly",FALSE,FALSE,TRUE,B-TENS,
Persicaria virginica,Jumpseed,,,,,08=Aug,,https://www.missouriplants.com/Persicaria_virginica_page.html,C(60),,,,,,,White,White,White,White,White,2',Knee,JUL - OCT,"JUL, AUG, SEP, OCT",,,"P, Sh","M, Ms",,,"woodland filler with long seedheads, best appreciated in masses",FALSE,FALSE,TRUE,B-TENS,
Phlox divaricata,Woodland Phlox,,,TRUE,"Neat & Tidy, Sweet & Simple",06=Jun,,https://www.missouriplants.com/Phlox_divaricata_page.html,C(60),,,,Blue,Blue,Blue,,,,,Blue,1',Ankle,APR - JUN,"APR, MAY, JUN","8""",,"P, Sh","M, Ms",,,"use sparingly in woodland setting with great soils, foliage goes dormant in summer so plan for companions",FALSE,FALSE,FALSE,,
Phryma leptostachya,Lopseed,,,,,,,,C(60),,,,,,Pink,Pink,Pink,,,Pink,2',Knee,JUN - AUG,"JUN, JUL, AUG",,,"P, Sh","M, Ms, W",,,,FALSE,FALSE,TRUE,B-TENS,
Physostegia virginiana,Obedient Plant,,,,,09=Sep,,,C(60),,,,,,,Pink,Pink,Pink,,Pink,2'-4',Waist,JUL - SEP,"JUL, AUG, SEP",,,"Sn, P","M, Ms, W",,,,FALSE,FALSE,TRUE,D-THOUS,sand
Phytolacca americana,"Pokeweed, poke sallet, pokeberry",,,,,,,,C(60),,,C(60) or Store Dry then Nick with Pin,,,,White-Pink,White-Pink,White-Pink,,White-Pink,4'-20',Taller,JUL - SEP,"JUL, AUG, SEP",,,"Sn, P","M, Ms",,,,FALSE,FALSE,TRUE,A-FEW,
Potentilla arguta - OLD NAME,Tall Cinquefoil,,,,Old Name,,,,,,,,,,,,,,,,,,None,,,,,,,,Now known as Drymocallis arguta,FALSE,FALSE,OLD,,
Potentilla simplex,Common cinquefoil,,,TRUE,Neat & Tidy,08=Aug,Ground Cover,,A,No Strat,,,,Yellow,Yellow,,,,,Yellow,.5'-1',Ankle,MAY - JUN,"MAY, JUN","18""",Y,"Sn, P","D, M",,,"good native groundcover under drier parts of the garden, can spread into lawn (make sure OK with owner)",FALSE,FALSE,FALSE,,
Prunella vulgaris,Common Selfheal,,,,,,Ground Cover,,C(30),,,,,,Pink-Purple,Pink-Purple,Pink-Purple,Pink-Purple,Pink-Purple,Pink-Purple,1'-2',Knee,JUN - OCT,"JUN, JUL, AUG, SEP, OCT",,,"Sn, P","M, Ms",,,,FALSE,FALSE,TRUE,C-HUNS,
Pseudognaphalium obtusifolium,Rabbit Tobacco,,,,,,,,"C(60), D",,Surface Sow,,,,,White,White,White,,White,2',Knee,JUL - SEP,"JUL, AUG, SEP",,,Sn,D,,,,FALSE,FALSE,TRUE,C-HUNS,
Pycnanthemum,mixed Mountain-Mint,,,,,,,,"A, D",No Strat,Surface Sow,,,,,White,White,White,,White,2'-4',Waist,JUL - SEP,"JUL, AUG, SEP","18""",,"Sn, P","M, Ms, W",,,We are pretty sure this works in rain gardens.  Is it pretty enough to be a garden plant?,FALSE,FALSE,FALSE,,nothing
Pycnanthemum muticum,Broad-Leaved Mountain Mint,,,,,11=Nov,,https://www.missouriplants.com/Pycnanthemum_muticum_page.html,"A, D",No Strat,Surface Sow,,,,,Pink,Pink,Pink,,Pink,1'-3',Waist,JUL - SEP,"JUL, AUG, SEP",,,"Sn, P",M,,,,TRUE,FALSE,FALSE,,nothing
Pycnanthemum tenuifolium,"Narrowleaf/Slender Mountainmint, Common Horsemint, Virginia Thyme",,,,Neat & Tidy,09=Sep,,,"A, D",No Strat,Surface Sow,,,,White,White,White,White,,White,2',Knee,JUN - SEP,"JUN, JUL, AUG, SEP",,,"Sn, P","D, M, Ms",,,,FALSE,FALSE,TRUE,D-THOUS,
Pycnanthemum virginianum,Virginia mountain mint,,,TRUE,Neat & Tidy,09=Sep,,,"A, D",No Strat,Surface Sow,,,,White,White,White,White,,White,3',Waist,JUN - SEP,"JUN, JUL, AUG, SEP",,,"Sn, P","D, M, Ms, W",,,,FALSE,FALSE,TRUE,B-TENS,
Ranunculus hispidus,Swamp Buttercup,,,,,,,https://www.missouriplants.com/Ranunculus_hispidus_page.html,A,No Strat,,,,Yellow,,,,,,Yellow,1',Ankle,MAY,MAY,"18""",Y,"Sn, P","M, Ms, W",,,"spreader, aggressive in the right soils.  Only available in limited quanities in 2014.  ",FALSE,FALSE,FALSE,,
Ratibida pinnata,Yellow/Grayheaded Coneflower,,,,,09=Sep,,https://www.missouriplants.com/Ratibida_pinnata_page.html,C(30),,,,,,,Yellow,Yellow,Yellow,Yellow,Yellow,4'-6',Chest,JUL - OCT,"JUL, AUG, SEP, OCT","15""",,Sn,"D, M, Ms",,,"Very tall, if used needs to be in a big space, good for drawing beneficial (predatory) insects",FALSE,FALSE,TRUE,E-INF,
Rhus typthina,Staghorn sumac,,,,,,Shrub,,"C(30), H",,Scarify,Soak in hot boiled water for 24 hours then C(30).,,,White-Lt. Green,White-Lt. Green,,,,White-Lt. Green,25',Taller,JUN - JUL,"JUN, JUL",,,"Sn, P","D, M",,,,FALSE,FALSE,TRUE,D-THOUS,
Rudbeckia fulgida,Orange Coneflower,,,,,09=Sep,,https://www.missouriplants.com/Rudbeckia_fulgida_page.html,C(60),,,,,,,Yellow,Yellow,Yellow,Yellow,Yellow,3',Waist,JUL - OCT,"JUL, AUG, SEP, OCT",,,Sn,M,,,Source lists partial shade,TRUE,FALSE,TRUE,E-INF,sand
Rudbeckia hirta,Black-eyed Susan,,,,"Neat & Tidy, Sweet & Simple",09=Sep,,https://www.missouriplants.com/Rudbeckia_hirta_page.html,C(30),,,,,,,Yellow,Yellow,Yellow,Yellow,Yellow,1'-3',Waist,JUL - OCT,"JUL, AUG, SEP, OCT","12""",,"Sn, P","D, M, Ms",,Clay,"short-lived, but aggresively self sows, not especially neat, and can look tired when it is done--best used with native lover, good for clay",FALSE,TRUE,TRUE,D-THOUS,sand
Rudbeckia laciniata,Cutleaf Coneflower,,,,,,,,C(30),,,,,,,Yellow,Yellow,Yellow,Yellow,Yellow,7',Taller,JUL - OCT,"JUL, AUG, SEP, OCT",,,"Sn, P, Sh","M, Ms",,,,FALSE,FALSE,TRUE,E-INF,
Rudbeckia subtomentosa,Sweet/Fragrant Coneflower,,,,Neat & Tidy,09=Sep,,https://www.missouriplants.com/Rudbeckia_subtomentosa_page.html,C(30),,,,,,,Yellow,Yellow,Yellow,Yellow,Yellow,3'-5',Chest,JUL - OCT,"JUL, AUG, SEP, OCT",,,"Sn, P","M, Ms",,,,FALSE,FALSE,TRUE,D-THOUS,sand
Rudbeckia triloba,Brown-eyed Susan,,,,,10=Oct,,https://www.missouriplants.com/Rudbeckia_triloba_page.html,C(30),,,,,,,Yellow,Yellow,Yellow,Yellow,Yellow,2'-4',Waist,JUL - OCT,"JUL, AUG, SEP, OCT","12""",Y,"P, Sh","D, M, Ms",,,"Biennial. Source says Medium-Wet to Dry, aggressive",FALSE,FALSE,TRUE,D-THOUS,
Ruellia humilis,Wild Petunia,,,TRUE,"Neat & Tidy, Sweet & Simple",10=Oct,,https://www.missouriplants.com/Ruellia_humilis_page.html,C(60),,,,,,Purple,Purple,Purple,,,Purple,1',Knee,JUN - AUG,"JUN, JUL, AUG",,,Sn,"D, M",,,"Late emerging. Low, dense, sprawling and long blooming. Seed catapults.",TRUE,FALSE,TRUE,C-HUNS,sand
Saururus cernuus,Lizard's Tail,,,,,,,https://www.missouriplants.com/Saururus_cernuus_page.html,C(60),,,,,,,White,,,,White,1'-2',Knee,JUL,JUL,"18""",,"P, Sh",W,,,for the wettest part of the rain garden. Will form a rhizomatous colony.  Fragrant flowers and leaves - a citrusy aroma.,FALSE,FALSE,FALSE,,
Schizachyrium scoparium,Little Bluestem,,,,Neat & Tidy,09=Sep,Grassy,,A,No Strat,,,,,,,Green,,,Green,2'-3',Waist,AUG,AUG,,,Sn,"D, M",,,,FALSE,FALSE,TRUE,E-INF,nothing
Scirpus atrovirens,Black Bullrush,,,,,,,https://www.missouriplants.com/Scirpus_atrovirens_page.html,"C(60), M",,,,,,Green,Green,,,,Green,3'-5',Chest,JUN - JUL,"JUN, JUL","18""",,Sn,"Ms, W",,,Probably great for rain gardens - is it pretty enough to be a garden plant?,FALSE,FALSE,FALSE,,
Scrophularia lanceolata,Early Figwort,,,,,,,,"C(60), D",,Surface Sow,,,Green,Green,Green,,,,Green,5',Chest,MAY - JUL,"MAY, JUN, JUL",,,"Sn, P, Sh","D, M, Ms",,,,FALSE,FALSE,FALSE,,
Scrophularia marilandica,Late Figwort,,,,,09=Sep,,https://www.missouriplants.com/Scrophularia_marilandica_page.html,"C(60), D",,Surface Sow,,,,,Green,Green,Green,,Green,6',Taller,JUL - SEP,"JUL, AUG, SEP",,,"Sn, P",M,,,Also full sun?,TRUE,FALSE,TRUE,C-HUNS,sand
Scrophularia spp.,Figwort,,,,,,,,"C(60), D",,Surface Sow,,,Green,Green,Green,Green,Green,,Green,5'-6',Taller,MAY - SEP,"MAY, JUN, JUL, AUG, SEP",,,"Sn, P, Sh","D, M, Ms",,,,FALSE,FALSE,TRUE,B-TENS,
Scutellaria incana,Hoary Skullcap,,,,Neat & Tidy,,,,C(60),,,,,,Blue,Blue,Blue,Blue,,Blue,3',Waist,JUN - SEP,"JUN, JUL, AUG, SEP",,,P,M,,,,FALSE,FALSE,TRUE,B-TENS,
Scutellaria lateriflora,Mad-dog/Blue/Side-Flowering Skullcap,,,,Neat & Tidy,,,,C(60),,,,,,,Blue,Blue,Blue,,Blue,2',Knee,JUL - SEP,"JUL, AUG, SEP",,,"Sn, P","Ms, W",,,,FALSE,FALSE,TRUE,C-HUNS,
Senecio aureus,Golden Ragwort,,,TRUE,Neat & Tidy,05=May,,,C(60),,,,Yellow,Yellow,,,,,,Yellow,2'-3',Knee,APR - MAY,"APR, MAY","12""",,"Sn, P, Sh","M, Ms, W",,,"Previously known as Packera aurea. beautiful, well-kept looking little plant with big dark leaves, similar to hostas.
Soil should not ever completely dry out.",FALSE,FALSE,TRUE,C-HUNS,
Senna hebecarpa,Wild Senna,,,,,10=Oct,,,"C(10), H, I",,Scarify.,,,,,Yellow,Yellow,,,Yellow,3'-5',Chest,JUL - AUG,"JUL, AUG","18""",,"Sn, P","M, Ms, W",,,"in the pea family, so yellow pea-like flowers",TRUE,FALSE,TRUE,C-HUNS,scratch b4 planting
Silphium integrifolium,Rosinweed,,,,,09=Sep,,https://www.missouriplants.com/Silphium_integrifolium_page.html,C(60),,,,,,,Yellow,Yellow,Yellow,,Yellow,2'-6',Chest,JUL - SEP,"JUL, AUG, SEP",,,Sn,M,,,,FALSE,FALSE,TRUE,B-TENS,sand
Silphium laciniatum,Compass Plant,,,,,09=Sep,,https://www.missouriplants.com/Silphium_laciniatum_page.html,C(60),,,,,,,Yellow,Yellow,,,Yellow,4'-7',Taller,JUL - AUG,"JUL, AUG","24""",,Sn,"D, M, Ms, W",,Clay,"tall, use with someone into the native look, can spread aggresively if happy, good for clay",FALSE,TRUE,FALSE,,
Silphium perfoliatum,Cup Plant,,,,,10=Oct,,https://www.missouriplants.com/Silphium_perfoliatum_page.html,C(60),,,,,,,Yellow,Yellow,Yellow,,Yellow,4'-7',Taller,JUL - SEP,"JUL, AUG, SEP",,,"Sn, P","M, Ms, W",,,"Spreads aggressively.  But otherwise a beautiful, tall, plant with yellow flowers.  Gold Finches love them. Souce says full sun",FALSE,FALSE,TRUE,E-INF,sand
Silphium terebinthinaceum,Prairie Dock,,,,,08=Aug,,https://www.missouriplants.com/Silphium_terebinthinaceum_page.html,C(60),,,,,,,,Yellow,,,Yellow,8',Taller,AUG,AUG,"18""",,Sn,"D, M, Ms",,,"short broad foliage is great contrast plant, flower stalk is airy and tall (sometimes needs staking), good for clay",TRUE,FALSE,TRUE,C-HUNS,sand
Sisyrinchium angustifolium,Narrowleaf Blue-eyed Grass,,,,Neat & Tidy,06=Jun,Grassy,,C(90),,,,,Blue,Blue,,,,,Blue,.5',Ankle,MAY - JUN,"MAY, JUN",,,"Sn, P","M, Ms",,,diminutive iris family; easily split; adaptable,FALSE,FALSE,TRUE,B-TENS,
Smilacena racemosa,Solomon's Plume,,,,,09=Sep,,,"C(60), D",sow freshly collected seeds outdoors; dried seed is dead,Surface Sow,,White,White,White,,,,,White,1'-2',Waist,APR - JUN,"APR, MAY, JUN",,,"Sn, P, Sh","D, M, Ms",,,"Needs to be massed in a big area, and planted close together to work--otherwise looks spindly",FALSE,FALSE,FALSE,,
Smilacina stellata,Starry-false Solomon's Seal,,,,,07=Jul,,,"F, L",sow freshly collected seeds outdoors; dried seed is dead,Complex,,White,White,White,,,,,White,1'-2',Knee,APR - JUN,"APR, MAY, JUN",,,"P, Sh","D, M, Ms",,,"Would have like to have used it, but had lots of problems with propogation",FALSE,FALSE,FALSE,,
Solidago caesia,Blue-stemmed Goldenrod,,,,,10=Oct,,https://www.missouriplants.com/Solidago_caesia_page.html,"C(60), D",,Surface Sow,,,,,,Yellow,Yellow,Yellow,Yellow,1'-3',Knee,AUG - OCT,"AUG, SEP, OCT",,,"Sn, P, Sh","D, M",,,Super aggressive--beware!,TRUE,TRUE,TRUE,D-THOUS,sand
Solidago canadensis,Canada Goldenrod,,,,,,,,C(60),,,,,,,,Yellow,Yellow,Yellow,Yellow,4'-5',Chest,AUG - OCT,"AUG, SEP, OCT",,,Sn,M,,,,FALSE,FALSE,TRUE,D-THOUS,
Solidago flexicaulis,Zig Zag Goldenrod,,,,,10=Oct,,https://www.missouriplants.com/Solidago_flexicaulis_page.html,"C(60), D",,Surface Sow,,,,,,Yellow,Yellow,Yellow,Yellow,2'-3',Knee,AUG - OCT,"AUG, SEP, OCT","12""",Y,"P, Sh","D, M, Ms",,,"aggressive, but fills in large areas in the shade, delicate late season color for shade",TRUE,FALSE,TRUE,D-THOUS,sand
Solidago juncea,Early Goldenrod,,,,,10=Oct,,,"C(60), D",,Surface Sow,,,,,Yellow,Yellow,Yellow,,Yellow,3',Waist,JUL - SEP,"JUL, AUG, SEP",,,"Sn, P","D, M",,,,FALSE,FALSE,TRUE,C-HUNS,
Solidago nemoralis,Gray Goldenrod,,,,,10=Oct,,,"C(60), D",,Surface Sow,,,,,,Yellow,Yellow,,Yellow,2',Knee,AUG - SEP,"AUG, SEP",,,"Sn, P","D, M",,,,FALSE,FALSE,TRUE,C-HUNS,
Solidago rigida - OLD NAME,Rigid/Stiff Goldenrod,,,,Old Name,,,https://www.missouriplants.com/Solidago_rigida_-_OLD_NAME_page.html,,,,,,,,,,,,,,,None,,,,,,,,,FALSE,FALSE,OLD,,
Solidago rugosa,Wrinkleleaf Goldenrod,,,,,,,,"C(60), D",,Surface Sow,,,,,,,,,,,,None,,,,,,,,,FALSE,FALSE,FALSE,C-HUNS,
Solidago speciosa,Showy Goldenrod,,,,Neat & Tidy,10=Oct,,https://www.missouriplants.com/Solidago_speciosa_page.html,"C(60), D",,Surface Sow,,,,,,Yellow,Yellow,Yellow,Yellow,2'-5',Chest,AUG - OCT,"AUG, SEP, OCT",,,Sn,"D, M",,,,TRUE,FALSE,TRUE,E-INF,sand
Sorghastrum nutans,Indian Grass,,,,,09=Sep,Grassy,,A,No Strat,,,,,,,Green,,,Green,4'-6',Taller,AUG,AUG,,,Sn,M,,,,FALSE,FALSE,TRUE,E-INF,nothing
Spirea tomentosa,Steeplebush,,,,,,Shrub,,"C(60), D",,Surface Sow,,,,,Pink,Pink,Pink,,Pink,4',Chest,JUL - SEP,"JUL, AUG, SEP",,,"Sn, P","Ms, W",,,,FALSE,FALSE,TRUE,C-HUNS,
Sporobolus heterolepis,Prairie Dropseed,,,TRUE,Neat & Tidy,09=Sep,Grassy,,A,No Strat,,,,,,,Green,Green,,Green,2',Knee,AUG - SEP,"AUG, SEP",1.5',Y,Sn,"D, M, Ms",,Sand,"a great performer, but takes a while to get going, beautfiul fall texture, great for front edge of sunny garden, since it has neat winter presence, but can be hard to distinguish from weed grass that invades the garden so 'plant' the identification tag too",FALSE,FALSE,TRUE,C-HUNS,
Staphylea trifolia,Bladdernut,,,,,,Shrub,https://www.missouriplants.com/Staphylea_trifolia_page.html,F,Cold Moist -> Warm Moist -> Cold Moist,Complex,,White,White,,,,,,White,8'-19',Taller,APR - MAY,"APR, MAY",,,"P, Sh",M,,,,FALSE,FALSE,FALSE,,?
Stylophorum diphyllum,Wood Poppy,,,TRUE,Neat & Tidy,06=Jun,,https://www.missouriplants.com/Stylophorum_diphyllum_page.html,"E, L",Keep Moist. Warm Moist -> Cold Moist,Complex,Keep Moist then C(60-90),Yellow,Yellow,Yellow,,,,,Yellow,1'-2',Knee,APR - JUN,"APR, MAY, JUN","10""",,"P, Sh","M, Ms",,,"good for spring in woodland setting, but can be aggressive",FALSE,TRUE,TRUE,C-HUNS,?
Symphyotrichum cordifolium,Heart-leaved Aster,,,TRUE,,11=Nov,,https://michiganflora.net/record/479,C(60),,,,,,,,Blue Purple,Blue Purple,,Blue Purple,2'-3',Knee,AUG - SEP,"AUG, SEP",,,"P, Sh","D, M",,Loam,Previously known as Aster cordifolium.,TRUE,TRUE,TRUE,C-HUNS,sand
Symphyotrichum ericoides,Heath Aster,,,TRUE,Neat & Tidy,10=Oct,,https://www.missouribotanicalgarden.org/PlantFinder/PlantFinderDetails.aspx?kempercode=j480,"A, D",No Strat,Surface Sow,,,,,,White,White,White,White,1'-3',Waist,AUG - OCT,"AUG, SEP, OCT",,,Sn,"D, M",,,Previously known as Aster ericoides.,TRUE,FALSE,FALSE,,nothing
Symphyotrichum laeve,Smooth/Smooth Blue Aster,,,,Neat & Tidy,10=Oct,,https://www.missouriplants.com/Symphyotrichum_laeve_page.html,A,No Strat,,,,,,,,Lt. Blue-Lavender,Lt. Blue-Lavender,Lt. Blue-Lavender,1'-3',Waist,SEP - OCT,"SEP, OCT","12-18""",,"Sn, P","D, M, Ms",,,"Previously known as Aster laevis. When full grown, is leggy-looking--can be trimmed to 6"" in June for bushier growth, plant something in front",FALSE,FALSE,TRUE,E-INF,
Symphyotrichum lateriflorum,Calico Aster,,,TRUE,Neat & Tidy,10=Oct,,,A,No Strat,,,,,,,White,White,White,White,2',Knee,AUG - OCT,"AUG, SEP, OCT",,,"Sn, P, Sh","M, Ms",,,,FALSE,FALSE,TRUE,B-TENS,
Symphyotrichum novae-angliae,New England Aster,,,,,10=Oct,,https://www.missouriplants.com/Symphyotrichum_novae-angliae_page.html,C(60),,,,,,,,,Deep Purple,Deep Purple,Deep Purple,4'-5',Waist,SEP - OCT,"SEP, OCT","12-18""",,"Sn, P","D, M, Ms",,,"Prevoiusly known as Aster novae-angliae. is leggy-looking--can be trimmed to 6"" in June for bushier growth (plant something in front) good for drawing beneficial (predatory) insects, Size also listed as 2-4', bloom time Aug-Oct",TRUE,FALSE,TRUE,E-INF,sand
Symphyotrichum oolentangiense,Sky-blue Aster,,,,Neat & Tidy,10=Oct,,https://www.missouriplants.com/Symphyotrichum_oolentangiense_page.html,A,No Strat,,,,,,,,Purple,Purple,Purple,2'-3',Knee,SEP - OCT,"SEP, OCT",,,Sn,"D, M",,,,TRUE,FALSE,TRUE,D-THOUS,nothing
Symphyotrichum patens,NOT NATIVE - Spreading/Purple Aster,,,,Non-Native,,,,,,,,,,,,,,,,,,None,,,,,,,,,FALSE,FALSE,NN,,
Symphyotrichum pilosum,Frost/Hairy Aster,,,,,,,https://www.missouriplants.com/Symphyotrichum_pilosum_page.html,C(60),,,,,,,,White,White,White,White,2'-4',Waist,AUG - OCT,"AUG, SEP, OCT",,,"Sn, P",M,,,Previously known as Aster pilosus.,FALSE,FALSE,TRUE,C-HUNS,sand
Symphyotrichum shortii,Short's Aster,,,TRUE,,11=Nov,,https://michiganflora.net/record/495,C(30),,,,,,,,Blue,Blue,Blue,Blue,3',Waist,AUG - OCT,"AUG, SEP, OCT",,,"P, Sh",M,,,Valuable semi-shade aster. Medium to medium-dry.,FALSE,FALSE,FALSE,,
Teucrium canadense,American Germander,,,,,08=Aug,,,C(60),,,"large, easily separated, rhisomes ",,,White-Pink,White-Pink,,,,White-Pink,3',Waist,JUN - JUL,"JUN, JUL",2',medium,P,"M, Ms",,moist-medium,,FALSE,FALSE,TRUE,C-HUNS,
Thalictrum dasycarpum,Purple Meadow-rue,,,,,08=Aug,,,"C(60), D, G",,Surface Sow,,,,White,White,,,,White,6',Taller,JUN - JUL,"JUN, JUL",1',medium,"Sn, P",M,,,tall elegant foliage,FALSE,FALSE,TRUE,C-HUNS,
Thalictrum dioicum,Early Meadow Rue,,,TRUE,Neat & Tidy,05=May,,https://www.missouriplants.com/Thalictrum_dioicum_page.html,C(60),,,,Pale Green,Pale Green,,,,,,Pale Green,1.5'-2',Knee,APR - MAY,"APR, MAY","10""",,"P, Sh","M, Ms",,Loam,"great plant for delicate texture in woodlands setting--beautiful with iris, but not a bottom of the rain garden plant",TRUE,FALSE,FALSE,,sand
Thalictrum pubescens,Tall Meadow-rue,,,,,,,,C(60),,,,,,White,White,White,,,White,3'-7',Chest,JUN - AUG,"JUN, JUL, AUG",,,Sh,"M, Ms, W",,,,FALSE,FALSE,TRUE,E-INF,
Tradescantia ohiensis,Spiderwort,,,TRUE,,07=Jul,,https://www.missouriplants.com/Tradescantia_ohiensis_page.html,"C(120), M, G",,,,,,Lavender,,,,,Lavender,2'-3',Waist,JUN,JUN,"12""",,"Sn, P","M, Ms, W",,,Cut all the leaves off near the base once they started to flop leaving just the new foliage that was starting to grow.  That makes them much more attractive.,FALSE,FALSE,FALSE,,
Verbena hastata,Blue Vervain,,,,,09=Sep,,https://www.missouriplants.com/Verbena_hastata_page.html,"C(30), D",,Surface Sow,,,,Purple,Purple,Purple,,,Purple,4'-6',Chest,JUN - AUG,"JUN, JUL, AUG","12""",,Sn,"D, M, Ms",,,"tall, nice deep color, best for native setting",FALSE,FALSE,TRUE,E-INF,sand
Verbena stricta,Hoary Vervain,,,,,09=Sep,,,,,,,,,,,,,,,,,None,,,,,,,,,FALSE,FALSE,FALSE,,
Verbena urticifolia,White Vervain,,,,,08=Aug,,,"C(60), D",,Surface Sow,,,,White,White,White,White,White,White,3',Waist,JUN - OCT,"JUN, JUL, AUG, SEP, OCT",1',very high,"Sn, P, Sh","M, Ms",,,"common at woodland margins, ""weedy"" (but easily controled), highwildlife benefits",FALSE,FALSE,TRUE,C-HUNS,
Verbesina alternifolia,Wingstem,,,,,,,https://www.missouriplants.com/Verbesina_alternifolia_page.html,C(30),,,,,,,,Yellow,Yellow,Yellow,Yellow,4'-8',Taller,AUG - OCT,"AUG, SEP, OCT",,,"P, Sh","M, Ms",,,Underrated pollinator plant.,FALSE,FALSE,TRUE,C-HUNS,
Vernonia fasciculata,Smooth Ironweed,,,,,09=Sep,,,C(60),,,,,,,,,,,,5',Chest,None,,,,"Sn, P","M, Ms",,,,FALSE,FALSE,FALSE,C-HUNS,
Vernonia gigantea,Tall Ironweed,,,,,,,https://www.missouriplants.com/Vernonia_gigantea_page.html,C(60),,,,,,,,Purple,Purple,,Purple,5'-8',Taller,AUG - SEP,"AUG, SEP",,,"Sn, P","M, Ms",,,,FALSE,FALSE,TRUE,C-HUNS,sand
Vernonia missurica,Missouri Ironweed,,,,,09=Sep,,https://www.missouriplants.com/Vernonia_missurica_page.html,C(60),,,,,,,,Purple,Purple,,Purple,4'-6',Taller,AUG - SEP,"AUG, SEP",,,"Sn, P","M, Ms, W",,,"Very tall and thin, if used needs to be in a big space. Spreads!",TRUE,FALSE,TRUE,E-INF,sand
Vernonia sp.,Ironweed,,,,,,,,C(60),,,,,,,,Purple,Purple,,Purple,4'-6',Taller,AUG - SEP,"AUG, SEP",,,"Sn, P","M, Ms, W",,,,FALSE,FALSE,TRUE,D-THOUS,
Veronicastrum virginicum,Culver's Root,,,,,10=Oct,,https://www.missouriplants.com/Veronicastrum_virginicum_page.html,"A, D",No Strat,Surface Sow,,,,,White,White,,,White,4'-6',Taller,JUL - AUG,"JUL, AUG","12-18""",,"Sn, P, Sh","D, M, Ms",,,"nice bloom late in summer, can be aggressive if happy. Some sources say to wet and full sun",TRUE,FALSE,TRUE,E-INF,nothing
Viola pedata,Bird's Foot Violet,,,,Neat & Tidy,05=May,,,"C(60), D",,Surface Sow,,Purple,Purple,Purple,,,,,Purple,.5',Ankle,APR - JUN,"APR, MAY, JUN",,,"Sn, P","D, M",,,,FALSE,FALSE,TRUE,A-FEW,
Viola spp.,Violets,,,TRUE,Neat & Tidy,05=May,Ground Cover,https://michiganflora.net/genus/viola,"C(60), D, M",,Surface Sow,,Blue Purple,Blue Purple,Blue Purple,Blue Purple,,,,Blue Purple,1',Ankle,APR - JUL,"APR, MAY, JUN, JUL",,,"Sn, P, Sh","D, M, Ms",,,,FALSE,FALSE,FALSE,,
Zizia aurea,Golden Alexanders,,,TRUE,"Neat & Tidy, Sweet & Simple",08=Aug,,https://www.missouriplants.com/Zizia_aurea_page.html,"C(60), G, M",,,,,Yellow,Yellow,,,,,Yellow,2'-3',Knee,MAY - JUN,"MAY, JUN",,,"P, Sh",M,,,"Clients found it too floppy and messy, but good for drawing beneficial (predatory) insects. Medium-Dry to Medium-Wet. Full sun as well?",TRUE,FALSE,TRUE,D-THOUS,sand